model,accuracy,precision,recall,f1
efficientnetb0_FULL.pth,0.8818444013595581,0.8668754473872584,0.8763032305433186,0.8711427510438461
ResNet18_LAST.pth,0.8616714477539062,0.8453458306399483,0.8530286343612334,0.8488675958188152
ResNet50_LAST_1.pth,0.8703169822692871,0.856286111314269,0.8576725403817915,0.8569701299771921
ResNet18_FULL.pth,0.878962516784668,0.882246963562753,0.8466042584434654,0.8602416570771001
ResNet50_FULL.pth,0.8818444013595581,0.8954364575395817,0.8429148311306902,0.8611363259250583
efficientnet_LAST.pth,0.8357348442077637,0.8176362755949087,0.837132892804699,0.8244441485820797
ResNet50_LAST.pth,0.8818444013595581,0.8681583914053426,0.8723751835535977,0.8701833146277591
efficientnetb0_CLASSIFIER.pth,0.7175792455673218,0.6992224636696999,0.7154001468428781,0.7021407049260739
ResNet50_LAST2.pth,0.8559077978134155,0.8471834805516814,0.8289831130690162,0.8367028085234547
